Contract_ID,Train_ID,Advertiser,Date,Required_Hours,Actual_Hours,Compliance_Percentage,Shortfall_Hours,Penalty_Incurred,Contract_Value,Status,Priority
BRD-001,CR102,Lulu Mall,2025-01-20,15.5,14.6,94.3,0.9,2209.0,750000,At_Risk,High
BRD-001,CR102,Lulu Mall,2025-01-19,15.5,14.6,94.2,0.9,2234.0,750000,At_Risk,High
BRD-001,CR102,Lulu Mall,2025-01-18,15.5,16.0,100.0,0.0,0.0,750000,Compliant,Normal
BRD-001,CR102,Lulu Mall,2025-01-17,15.5,16.8,100.0,0.0,0.0,750000,Compliant,Normal
BRD-001,CR102,Lulu Mall,2025-01-16,15.5,16.3,100.0,0.0,0.0,750000,Compliant,Normal
BRD-001,CR102,Lulu Mall,2025-01-15,15.5,15.6,100.0,0.0,0.0,750000,Compliant,Normal
BRD-001,CR102,Lulu Mall,2025-01-14,15.5,14.4,93.1,1.1,2687.0,750000,At_Risk,High
BRD-002,CR105,MyG Digital,2025-01-20,14.0,16.2,100.0,0.0,0.0,600000,Compliant,Normal
BRD-002,CR105,MyG Digital,2025-01-19,14.0,14.6,100.0,0.0,0.0,600000,Compliant,Normal
BRD-002,CR105,MyG Digital,2025-01-18,14.0,17.3,100.0,0.0,0.0,600000,Compliant,Normal
BRD-002,CR105,MyG Digital,2025-01-17,14.0,14.2,100.0,0.0,0.0,600000,Compliant,Normal
BRD-002,CR105,MyG Digital,2025-01-16,14.0,15.4,100.0,0.0,0.0,600000,Compliant,Normal
BRD-002,CR105,MyG Digital,2025-01-15,14.0,17.4,100.0,0.0,0.0,600000,Compliant,Normal
BRD-002,CR105,MyG Digital,2025-01-14,14.0,16.6,100.0,0.0,0.0,600000,Compliant,Normal
BRD-003,CR108,Federal Bank,2025-01-20,16.0,14.0,87.7,2.0,5881.0,800000,At_Risk,High
BRD-003,CR108,Federal Bank,2025-01-19,16.0,15.9,99.5,0.1,254.0,800000,At_Risk,High
BRD-003,CR108,Federal Bank,2025-01-18,16.0,17.1,100.0,0.0,0.0,800000,Compliant,Normal
BRD-003,CR108,Federal Bank,2025-01-17,16.0,15.7,97.9,0.3,1021.0,800000,At_Risk,High
BRD-003,CR108,Federal Bank,2025-01-16,16.0,17.2,100.0,0.0,0.0,800000,Compliant,Normal
BRD-003,CR108,Federal Bank,2025-01-15,16.0,14.4,89.7,1.6,4935.0,800000,At_Risk,High
BRD-003,CR108,Federal Bank,2025-01-14,16.0,17.5,100.0,0.0,0.0,800000,Compliant,Normal
BRD-004,CR112,Kerala Tourism,2025-01-20,13.5,16.1,100.0,0.0,0.0,500000,Compliant,Normal
BRD-004,CR112,Kerala Tourism,2025-01-19,13.5,16.4,100.0,0.0,0.0,500000,Compliant,Normal
BRD-004,CR112,Kerala Tourism,2025-01-18,13.5,16.9,100.0,0.0,0.0,500000,Compliant,Normal
BRD-004,CR112,Kerala Tourism,2025-01-17,13.5,15.7,100.0,0.0,0.0,500000,Compliant,Normal
BRD-004,CR112,Kerala Tourism,2025-01-16,13.5,15.1,100.0,0.0,0.0,500000,Compliant,Normal
BRD-004,CR112,Kerala Tourism,2025-01-15,13.5,15.9,100.0,0.0,0.0,500000,Compliant,Normal
BRD-004,CR112,Kerala Tourism,2025-01-14,13.5,16.1,100.0,0.0,0.0,500000,Compliant,Normal
