Schedule_ID,Train_ID,Date,Cleaning_Type,Assigned_Bay,Assigned_Crew,Estimated_Duration_Hours,Priority,Status,Last_Cleaned_Days_Ago,Notes
CLN-20250120-CR105,CR105,2025-01-20,Interior_Deep_Clean,CB-1,Interior_Team_B,4.4,Medium,Scheduled,9,Interior_Deep_Clean scheduled for bay CB-1
CLN-20250120-CR112,CR112,2025-01-20,Interior_Deep_Clean,CB-3,Interior_Team_A,5.9,Medium,Scheduled,10,Interior_Deep_Clean scheduled for bay CB-3
CLN-20250120-CR113,CR113,2025-01-20,Exterior_Wash,SB-1,HVAC_Specialist,2.2,Low,Completed,1,Exterior_Wash scheduled for bay SB-1
CLN-20250121-CR112,CR112,2025-01-21,Window_Polish,SB-1,HVAC_Specialist,2.6,Low,Delayed,7,Window_Polish scheduled for bay SB-1
CLN-20250121-CR120,CR120,2025-01-21,Interior_Deep_Clean,CB-2,Interior_Team_B,6.0,High,Completed,13,Interior_Deep_Clean scheduled for bay CB-2
CLN-20250121-CR105,CR105,2025-01-21,HVAC_Filter,SB-4,Exterior_Team_A,5.4,Low,Completed,1,HVAC_Filter scheduled for bay SB-4
CLN-20250121-CR107,CR107,2025-01-21,HVAC_Filter,SB-1,Exterior_Team_A,5.6,High,Delayed,13,HVAC_Filter scheduled for bay SB-1
CLN-20250121-CR121,CR121,2025-01-21,Interior_Deep_Clean,CB-3,Interior_Team_A,6.3,High,Completed,13,Interior_Deep_Clean scheduled for bay CB-3
CLN-20250121-CR123,CR123,2025-01-21,Exterior_Wash,SB-1,Exterior_Team_A,1.4,High,Delayed,12,Exterior_Wash scheduled for bay SB-1
CLN-20250122-CR101,CR101,2025-01-22,Interior_Deep_Clean,CB-3,Interior_Team_A,6.2,Low,Scheduled,2,Interior_Deep_Clean scheduled for bay CB-3
CLN-20250122-CR122,CR122,2025-01-22,Exterior_Wash,SB-4,HVAC_Specialist,2.8,Medium,In_Progress,8,Exterior_Wash scheduled for bay SB-4
CLN-20250122-CR106,CR106,2025-01-22,Exterior_Wash,SB-3,HVAC_Specialist,2.7,Low,In_Progress,6,Exterior_Wash scheduled for bay SB-3
CLN-20250122-CR119,CR119,2025-01-22,Window_Polish,SB-2,HVAC_Specialist,2.6,High,Scheduled,12,Window_Polish scheduled for bay SB-2
CLN-20250122-CR115,CR115,2025-01-22,Interior_Deep_Clean,CB-3,Interior_Team_A,6.8,Medium,Delayed,10,Interior_Deep_Clean scheduled for bay CB-3
CLN-20250122-CR110,CR110,2025-01-22,Interior_Deep_Clean,CB-3,Interior_Team_A,7.1,Medium,Completed,10,Interior_Deep_Clean scheduled for bay CB-3
CLN-20250122-CR112,CR112,2025-01-22,Exterior_Wash,SB-5,Exterior_Team_A,1.2,Low,In_Progress,6,Exterior_Wash scheduled for bay SB-5
CLN-20250122-CR116,CR116,2025-01-22,Exterior_Wash,SB-4,Exterior_Team_A,1.5,Low,Completed,4,Exterior_Wash scheduled for bay SB-4
CLN-20250123-CR110,CR110,2025-01-23,HVAC_Filter,SB-1,Exterior_Team_A,5.5,Medium,Completed,10,HVAC_Filter scheduled for bay SB-1
CLN-20250123-CR106,CR106,2025-01-23,Interior_Deep_Clean,CB-3,Interior_Team_A,6.0,Low,Completed,4,Interior_Deep_Clean scheduled for bay CB-3
CLN-20250123-CR103,CR103,2025-01-23,Exterior_Wash,SB-4,Exterior_Team_A,1.0,Low,Completed,2,Exterior_Wash scheduled for bay SB-4
CLN-20250124-CR104,CR104,2025-01-24,Exterior_Wash,SB-4,Exterior_Team_A,1.6,Low,Completed,1,Exterior_Wash scheduled for bay SB-4
CLN-20250124-CR106,CR106,2025-01-24,Exterior_Wash,SB-4,HVAC_Specialist,1.4,High,Completed,11,Exterior_Wash scheduled for bay SB-4
CLN-20250124-CR107,CR107,2025-01-24,Window_Polish,SB-3,HVAC_Specialist,3.1,Low,Delayed,5,Window_Polish scheduled for bay SB-3
CLN-20250125-CR111,CR111,2025-01-25,Exterior_Wash,SB-5,HVAC_Specialist,1.7,Low,In_Progress,2,Exterior_Wash scheduled for bay SB-5
CLN-20250125-CR116,CR116,2025-01-25,Window_Polish,SB-1,Exterior_Team_A,2.5,Low,In_Progress,3,Window_Polish scheduled for bay SB-1
CLN-20250125-CR110,CR110,2025-01-25,Interior_Deep_Clean,CB-1,Interior_Team_A,6.8,Medium,Completed,8,Interior_Deep_Clean scheduled for bay CB-1
CLN-20250125-CR114,CR114,2025-01-25,Window_Polish,SB-3,HVAC_Specialist,2.4,Medium,Completed,10,Window_Polish scheduled for bay SB-3
CLN-20250125-CR102,CR102,2025-01-25,Interior_Deep_Clean,CB-1,Interior_Team_A,6.6,Low,Delayed,1,Interior_Deep_Clean scheduled for bay CB-1
CLN-20250126-CR117,CR117,2025-01-26,HVAC_Filter,SB-2,Exterior_Team_A,4.2,High,Scheduled,14,HVAC_Filter scheduled for bay SB-2
CLN-20250126-CR105,CR105,2025-01-26,Window_Polish,SB-4,Exterior_Team_A,3.7,High,Delayed,12,Window_Polish scheduled for bay SB-4
CLN-20250126-CR103,CR103,2025-01-26,HVAC_Filter,SB-3,Exterior_Team_A,5.5,Low,In_Progress,5,HVAC_Filter scheduled for bay SB-3
