Certificate_ID,Train_ID,Department,Issue_Date,Expiry_Date,Validity_Days,Status,Inspector,Priority,Inspection_Type,Renewal_Window_Days,Notes
CERT-ROL-CR101-6beca9,CR101,Rolling_Stock,2024-01-29,2024-12-27,365,Expired,Rolling_Stock_Inspector_6,Critical,Annual,30-45,Certificate for rolling_stock systems - 365 day validity period
CERT-SIG-CR101-e8122d,CR101,Signalling,2024-12-07,2025-01-19,180,Expired,Signalling_Inspector_7,Critical,Semi_Annual,15-30,Certificate for signalling systems - 180 day validity period
CERT-TEL-CR101-8e826c,CR101,Telecom,2024-12-22,2025-03-22,90,Valid,Telecom_Inspector_8,Medium,Quarterly,7-15,Certificate for telecom systems - 90 day validity period
CERT-ROL-CR102-86818e,CR102,Rolling_Stock,2024-07-12,2025-07-12,365,Valid,Rolling_Stock_Inspector_3,Medium,Annual,30-45,Certificate for rolling_stock systems - 365 day validity period
CERT-SIG-CR102-a6e176,CR102,Signalling,2024-11-24,2025-05-23,180,Valid,Signalling_Inspector_3,Medium,Semi_Annual,15-30,Certificate for signalling systems - 180 day validity period
CERT-TEL-CR102-f52d0b,CR102,Telecom,2025-01-11,2025-04-11,90,Valid,Telecom_Inspector_8,Medium,Quarterly,7-15,Certificate for telecom systems - 90 day validity period
CERT-ROL-CR103-4f6da6,CR103,Rolling_Stock,2024-05-18,2025-05-18,365,Valid,Rolling_Stock_Inspector_2,Medium,Annual,30-45,Certificate for rolling_stock systems - 365 day validity period
CERT-SIG-CR103-521747,CR103,Signalling,2024-10-17,2025-04-15,180,Valid,Signalling_Inspector_8,Medium,Semi_Annual,15-30,Certificate for signalling systems - 180 day validity period
CERT-TEL-CR103-9d91ae,CR103,Telecom,2025-01-01,2025-04-01,90,Valid,Telecom_Inspector_8,Medium,Quarterly,7-15,Certificate for telecom systems - 90 day validity period
CERT-ROL-CR104-153317,CR104,Rolling_Stock,2024-12-16,2025-12-16,365,Valid,Rolling_Stock_Inspector_4,Medium,Annual,30-45,Certificate for rolling_stock systems - 365 day validity period
CERT-SIG-CR104-bd8706,CR104,Signalling,2024-11-18,2025-05-17,180,Valid,Signalling_Inspector_1,Medium,Semi_Annual,15-30,Certificate for signalling systems - 180 day validity period
CERT-TEL-CR104-6477e6,CR104,Telecom,2024-11-11,2025-02-09,90,Valid,Telecom_Inspector_6,Medium,Quarterly,7-15,Certificate for telecom systems - 90 day validity period
CERT-ROL-CR105-d9f174,CR105,Rolling_Stock,2024-11-11,2025-11-11,365,Valid,Rolling_Stock_Inspector_7,Medium,Annual,30-45,Certificate for rolling_stock systems - 365 day validity period
CERT-SIG-CR105-0ef90b,CR105,Signalling,2024-11-07,2025-01-17,180,Expired,Signalling_Inspector_3,Critical,Semi_Annual,15-30,Certificate for signalling systems - 180 day validity period
CERT-TEL-CR105-4077d7,CR105,Telecom,2024-12-09,2025-03-09,90,Valid,Telecom_Inspector_2,Medium,Quarterly,7-15,Certificate for telecom systems - 90 day validity period
CERT-ROL-CR106-e8cae9,CR106,Rolling_Stock,2024-03-20,2025-03-20,365,Valid,Rolling_Stock_Inspector_6,Medium,Annual,30-45,Certificate for rolling_stock systems - 365 day validity period
CERT-SIG-CR106-6831ca,CR106,Signalling,2024-12-04,2025-06-02,180,Valid,Signalling_Inspector_6,Medium,Semi_Annual,15-30,Certificate for signalling systems - 180 day validity period
CERT-TEL-CR106-8efbdb,CR106,Telecom,2024-12-02,2025-03-02,90,Valid,Telecom_Inspector_3,Medium,Quarterly,7-15,Certificate for telecom systems - 90 day validity period
CERT-ROL-CR107-0af698,CR107,Rolling_Stock,2024-01-27,2025-01-26,365,Valid,Rolling_Stock_Inspector_5,Medium,Annual,30-45,Certificate for rolling_stock systems - 365 day validity period
CERT-SIG-CR107-85d8fb,CR107,Signalling,2024-12-13,2025-06-11,180,Valid,Signalling_Inspector_6,Medium,Semi_Annual,15-30,Certificate for signalling systems - 180 day validity period
CERT-TEL-CR107-253629,CR107,Telecom,2024-12-16,2025-03-16,90,Valid,Telecom_Inspector_1,Medium,Quarterly,7-15,Certificate for telecom systems - 90 day validity period
CERT-ROL-CR108-53014d,CR108,Rolling_Stock,2024-08-08,2025-02-23,365,Renewal_In_Progress,Rolling_Stock_Inspector_5,Medium,Annual,30-45,Certificate for rolling_stock systems - 365 day validity period
CERT-SIG-CR108-1e62f6,CR108,Signalling,2024-07-30,2025-01-26,180,Valid,Signalling_Inspector_1,Medium,Semi_Annual,15-30,Certificate for signalling systems - 180 day validity period
CERT-TEL-CR108-1f2145,CR108,Telecom,2024-12-13,2025-03-13,90,Valid,Telecom_Inspector_8,Medium,Quarterly,7-15,Certificate for telecom systems - 90 day validity period
CERT-ROL-CR109-cf0379,CR109,Rolling_Stock,2024-06-03,2025-06-03,365,Valid,Rolling_Stock_Inspector_7,Medium,Annual,30-45,Certificate for rolling_stock systems - 365 day validity period
CERT-SIG-CR109-ce1fc8,CR109,Signalling,2025-01-09,2025-07-08,180,Valid,Signalling_Inspector_1,Medium,Semi_Annual,15-30,Certificate for signalling systems - 180 day validity period
CERT-TEL-CR109-f6c33b,CR109,Telecom,2024-11-21,2025-02-19,90,Valid,Telecom_Inspector_2,Medium,Quarterly,7-15,Certificate for telecom systems - 90 day validity period
CERT-ROL-CR110-b65650,CR110,Rolling_Stock,2024-07-29,2024-12-24,365,Expired,Rolling_Stock_Inspector_1,Critical,Annual,30-45,Certificate for rolling_stock systems - 365 day validity period
CERT-SIG-CR110-f56979,CR110,Signalling,2024-09-08,2025-03-07,180,Valid,Signalling_Inspector_2,Medium,Semi_Annual,15-30,Certificate for signalling systems - 180 day validity period
CERT-TEL-CR110-19c757,CR110,Telecom,2024-11-18,2025-02-16,90,Valid,Telecom_Inspector_5,Medium,Quarterly,7-15,Certificate for telecom systems - 90 day validity period
CERT-ROL-CR111-ce9630,CR111,Rolling_Stock,2024-02-08,2025-02-07,365,Valid,Rolling_Stock_Inspector_8,Medium,Annual,30-45,Certificate for rolling_stock systems - 365 day validity period
CERT-SIG-CR111-328cc1,CR111,Signalling,2024-11-10,2025-05-09,180,Valid,Signalling_Inspector_1,Medium,Semi_Annual,15-30,Certificate for signalling systems - 180 day validity period
CERT-TEL-CR111-ad066a,CR111,Telecom,2024-11-13,2025-02-11,90,Valid,Telecom_Inspector_6,Medium,Quarterly,7-15,Certificate for telecom systems - 90 day validity period
CERT-ROL-CR112-7a4b2f,CR112,Rolling_Stock,2024-12-11,2024-12-31,365,Expired,Rolling_Stock_Inspector_3,Critical,Annual,30-45,Certificate for rolling_stock systems - 365 day validity period
CERT-SIG-CR112-f8f5c8,CR112,Signalling,2024-09-12,2025-01-01,180,Expired,Signalling_Inspector_2,Critical,Semi_Annual,15-30,Certificate for signalling systems - 180 day validity period
CERT-TEL-CR112-0b0ee0,CR112,Telecom,2024-12-07,2025-03-07,90,Valid,Telecom_Inspector_5,Medium,Quarterly,7-15,Certificate for telecom systems - 90 day validity period
CERT-ROL-CR113-a19990,CR113,Rolling_Stock,2024-08-12,2025-08-12,365,Valid,Rolling_Stock_Inspector_5,Medium,Annual,30-45,Certificate for rolling_stock systems - 365 day validity period
CERT-SIG-CR113-bb1e97,CR113,Signalling,2024-11-17,,180,Pending,Signalling_Inspector_5,Critical,Semi_Annual,15-30,Certificate for signalling systems - 180 day validity period
CERT-TEL-CR113-17b831,CR113,Telecom,2024-12-16,2025-03-16,90,Valid,Telecom_Inspector_1,Medium,Quarterly,7-15,Certificate for telecom systems - 90 day validity period
CERT-ROL-CR114-76327e,CR114,Rolling_Stock,2024-12-05,2025-12-05,365,Valid,Rolling_Stock_Inspector_3,Medium,Annual,30-45,Certificate for rolling_stock systems - 365 day validity period
CERT-SIG-CR114-a2c73e,CR114,Signalling,2024-09-16,2025-03-15,180,Valid,Signalling_Inspector_4,Medium,Semi_Annual,15-30,Certificate for signalling systems - 180 day validity period
CERT-TEL-CR114-a112aa,CR114,Telecom,2024-12-21,2025-03-21,90,Valid,Telecom_Inspector_3,Medium,Quarterly,7-15,Certificate for telecom systems - 90 day validity period
CERT-ROL-CR115-bc41e4,CR115,Rolling_Stock,2024-12-30,2025-03-02,365,Renewal_In_Progress,Rolling_Stock_Inspector_8,Medium,Annual,30-45,Certificate for rolling_stock systems - 365 day validity period
CERT-SIG-CR115-c0e7a6,CR115,Signalling,2024-12-17,2024-12-23,180,Expired,Signalling_Inspector_3,Critical,Semi_Annual,15-30,Certificate for signalling systems - 180 day validity period
CERT-TEL-CR115-1e7bc0,CR115,Telecom,2024-10-30,2025-01-28,90,Valid,Telecom_Inspector_2,Medium,Quarterly,7-15,Certificate for telecom systems - 90 day validity period
CERT-ROL-CR116-cc72fa,CR116,Rolling_Stock,2024-07-24,2025-07-24,365,Valid,Rolling_Stock_Inspector_6,Medium,Annual,30-45,Certificate for rolling_stock systems - 365 day validity period
CERT-SIG-CR116-05dee5,CR116,Signalling,2024-10-09,2025-04-07,180,Valid,Signalling_Inspector_2,Medium,Semi_Annual,15-30,Certificate for signalling systems - 180 day validity period
CERT-TEL-CR116-77d8eb,CR116,Telecom,2024-12-09,2025-01-30,90,Renewal_In_Progress,Telecom_Inspector_3,Medium,Quarterly,7-15,Certificate for telecom systems - 90 day validity period
CERT-ROL-CR117-36894c,CR117,Rolling_Stock,2024-05-20,2025-05-20,365,Valid,Rolling_Stock_Inspector_5,Medium,Annual,30-45,Certificate for rolling_stock systems - 365 day validity period
CERT-SIG-CR117-7ba1a6,CR117,Signalling,2024-09-15,2025-02-11,180,Renewal_In_Progress,Signalling_Inspector_3,Medium,Semi_Annual,15-30,Certificate for signalling systems - 180 day validity period
CERT-TEL-CR117-ab8d18,CR117,Telecom,2024-11-11,2025-02-09,90,Valid,Telecom_Inspector_4,Medium,Quarterly,7-15,Certificate for telecom systems - 90 day validity period
CERT-ROL-CR118-fa9813,CR118,Rolling_Stock,2024-09-10,2025-09-10,365,Valid,Rolling_Stock_Inspector_5,Medium,Annual,30-45,Certificate for rolling_stock systems - 365 day validity period
CERT-SIG-CR118-795cb6,CR118,Signalling,2024-11-22,2025-05-21,180,Valid,Signalling_Inspector_4,Medium,Semi_Annual,15-30,Certificate for signalling systems - 180 day validity period
CERT-TEL-CR118-b396ba,CR118,Telecom,2024-11-09,2025-02-07,90,Valid,Telecom_Inspector_2,Medium,Quarterly,7-15,Certificate for telecom systems - 90 day validity period
CERT-ROL-CR119-cc7a8e,CR119,Rolling_Stock,2024-08-02,2025-01-04,365,Expired,Rolling_Stock_Inspector_7,Critical,Annual,30-45,Certificate for rolling_stock systems - 365 day validity period
CERT-SIG-CR119-1cce7c,CR119,Signalling,2024-11-26,2025-05-25,180,Valid,Signalling_Inspector_7,Medium,Semi_Annual,15-30,Certificate for signalling systems - 180 day validity period
CERT-TEL-CR119-287cc8,CR119,Telecom,2024-12-19,2025-03-19,90,Valid,Telecom_Inspector_7,Medium,Quarterly,7-15,Certificate for telecom systems - 90 day validity period
CERT-ROL-CR120-706843,CR120,Rolling_Stock,2024-05-28,,365,Pending,Rolling_Stock_Inspector_3,Critical,Annual,30-45,Certificate for rolling_stock systems - 365 day validity period
CERT-SIG-CR120-5c3726,CR120,Signalling,2024-09-04,2025-03-03,180,Valid,Signalling_Inspector_4,Medium,Semi_Annual,15-30,Certificate for signalling systems - 180 day validity period
CERT-TEL-CR120-5cd6e4,CR120,Telecom,2024-10-27,2025-02-03,90,Renewal_In_Progress,Telecom_Inspector_4,Medium,Quarterly,7-15,Certificate for telecom systems - 90 day validity period
CERT-ROL-CR121-72c95b,CR121,Rolling_Stock,2024-03-04,2025-03-04,365,Valid,Rolling_Stock_Inspector_1,Medium,Annual,30-45,Certificate for rolling_stock systems - 365 day validity period
CERT-SIG-CR121-9c337f,CR121,Signalling,2024-08-22,2025-02-18,180,Valid,Signalling_Inspector_7,Medium,Semi_Annual,15-30,Certificate for signalling systems - 180 day validity period
CERT-TEL-CR121-c5c561,CR121,Telecom,2024-12-27,2025-02-02,90,Renewal_In_Progress,Telecom_Inspector_5,Medium,Quarterly,7-15,Certificate for telecom systems - 90 day validity period
CERT-ROL-CR122-cfebf3,CR122,Rolling_Stock,2024-03-19,2025-03-19,365,Valid,Rolling_Stock_Inspector_7,Medium,Annual,30-45,Certificate for rolling_stock systems - 365 day validity period
CERT-SIG-CR122-b7b56c,CR122,Signalling,2025-01-04,2025-07-03,180,Valid,Signalling_Inspector_8,Medium,Semi_Annual,15-30,Certificate for signalling systems - 180 day validity period
CERT-TEL-CR122-455aa3,CR122,Telecom,2024-12-04,2025-03-04,90,Valid,Telecom_Inspector_4,Medium,Quarterly,7-15,Certificate for telecom systems - 90 day validity period
CERT-ROL-CR123-93e2e5,CR123,Rolling_Stock,2024-08-26,2025-08-26,365,Valid,Rolling_Stock_Inspector_4,Medium,Annual,30-45,Certificate for rolling_stock systems - 365 day validity period
CERT-SIG-CR123-b59885,CR123,Signalling,2025-01-15,2025-07-14,180,Valid,Signalling_Inspector_3,Medium,Semi_Annual,15-30,Certificate for signalling systems - 180 day validity period
CERT-TEL-CR123-a43fdd,CR123,Telecom,2024-11-11,2025-01-29,90,Renewal_In_Progress,Telecom_Inspector_8,Medium,Quarterly,7-15,Certificate for telecom systems - 90 day validity period
CERT-ROL-CR124-586f39,CR124,Rolling_Stock,2024-07-07,2025-07-07,365,Valid,Rolling_Stock_Inspector_7,Medium,Annual,30-45,Certificate for rolling_stock systems - 365 day validity period
CERT-SIG-CR124-77fc97,CR124,Signalling,2025-01-12,2025-07-11,180,Valid,Signalling_Inspector_7,Medium,Semi_Annual,15-30,Certificate for signalling systems - 180 day validity period
CERT-TEL-CR124-4b53b5,CR124,Telecom,2024-11-15,2025-02-13,90,Valid,Telecom_Inspector_4,Medium,Quarterly,7-15,Certificate for telecom systems - 90 day validity period
