Work_Order_ID,Train_ID,Work_Type,Description,Priority,Status,Created_Date,Due_Date,Estimated_Hours,Assigned_Technician,Department,Cost_Estimate,Notes
WO-DF40701C,CR101,CM-Mechanical,CM Mechanical for CR101,High,Closed,2024-12-19,2024-12-28,10,Tech_8,Maintenance,540,Maximo-generated work order for CM-Mechanical
WO-A5AA42A7,CR102,PM-Brake,PM Brake for CR102,Critical,In_Progress,2025-01-07,2025-01-17,7,Tech_4,Mechanical,602,Maximo-generated work order for PM-Brake
WO-B362CC6F,CR102,Inspection-A,Inspection A for CR102,Low,On_Hold,2025-01-15,2025-01-23,7,Tech_20,Maintenance,826,Maximo-generated work order for Inspection-A
WO-0B1627F5,CR103,PM-Bogie,PM Bogie for CR103,High,Closed,2024-12-23,2025-01-01,15,Tech_16,Electrical,1410,Maximo-generated work order for PM-Bogie
WO-DD5C66B9,CR103,PM-Brake,PM Brake for CR103,Medium,Closed,2025-01-08,2025-01-19,6,Tech_15,Electrical,480,Maximo-generated work order for PM-Brake
WO-35FA3062,CR103,PM-Bogie,PM Bogie for CR103,High,Closed,2024-12-31,2025-01-04,13,Tech_7,Maintenance,1872,Maximo-generated work order for PM-Bogie
WO-941D091A,CR104,PM-Brake,PM Brake for CR104,Critical,In_Progress,2025-01-01,2025-01-08,6,Tech_15,Electrical,702,Maximo-generated work order for PM-Brake
WO-FA4383AA,CR104,CM-Mechanical,CM Mechanical for CR104,Critical,In_Progress,2024-12-20,2024-12-27,4,Tech_1,Maintenance,388,Maximo-generated work order for CM-Mechanical
WO-D4692005,CR104,Inspection-B,Inspection B for CR104,High,Closed,2024-12-28,2025-01-01,14,Tech_18,Mechanical,1876,Maximo-generated work order for Inspection-B
WO-2C90D7FC,CR105,Inspection-B,Inspection B for CR105,Low,In_Progress,2024-12-20,2024-12-21,12,Tech_3,Electrical,960,Maximo-generated work order for Inspection-B
WO-E7840CA0,CR105,Inspection-B,Inspection B for CR105,Medium,Open,2024-12-19,2024-12-20,17,Tech_1,Maintenance,1938,Maximo-generated work order for Inspection-B
WO-732C33EF,CR105,PM-HVAC,PM HVAC for CR105,Low,In_Progress,2024-12-23,2024-12-26,8,Tech_5,Mechanical,472,Maximo-generated work order for PM-HVAC
WO-0A6D2F36,CR106,CM-Mechanical,CM Mechanical for CR106,High,Closed,2024-12-07,2024-12-18,6,Tech_15,Electrical,768,Maximo-generated work order for CM-Mechanical
WO-2FE671F8,CR106,CM-Electrical,CM Electrical for CR106,Low,Closed,2024-12-14,2024-12-28,11,Tech_20,Electrical,1375,Maximo-generated work order for CM-Electrical
WO-6DD22D09,CR107,Inspection-A,Inspection A for CR107,Medium,Closed,2025-01-06,2025-01-15,10,Tech_7,Mechanical,1490,Maximo-generated work order for Inspection-A
WO-C4C391C1,CR107,PM-Bogie,PM Bogie for CR107,Critical,In_Progress,2025-01-14,2025-01-26,14,Tech_12,Mechanical,1456,Maximo-generated work order for PM-Bogie
WO-94ABB7F0,CR107,CM-Mechanical,CM Mechanical for CR107,High,Closed,2025-01-02,2025-01-14,9,Tech_11,Mechanical,882,Maximo-generated work order for CM-Mechanical
WO-E4D3F350,CR107,PM-Bogie,PM Bogie for CR107,Critical,In_Progress,2025-01-10,2025-01-18,8,Tech_2,Mechanical,912,Maximo-generated work order for PM-Bogie
WO-14C5ADD5,CR108,PM-HVAC,PM HVAC for CR108,High,Open,2025-01-19,2025-01-29,12,Tech_14,Maintenance,1128,Maximo-generated work order for PM-HVAC
WO-F220F912,CR108,Inspection-A,Inspection A for CR108,Critical,In_Progress,2025-01-07,2025-01-08,7,Tech_6,Maintenance,588,Maximo-generated work order for Inspection-A
WO-642C052D,CR109,Inspection-B,Inspection B for CR109,High,Closed,2025-01-05,2025-01-11,20,Tech_13,Electrical,2620,Maximo-generated work order for Inspection-B
WO-10BF9289,CR109,Inspection-B,Inspection B for CR109,Critical,In_Progress,2025-01-03,2025-01-04,19,Tech_8,Mechanical,1957,Maximo-generated work order for Inspection-B
WO-BDB34848,CR109,CM-Mechanical,CM Mechanical for CR109,Critical,In_Progress,2025-01-07,2025-01-09,14,Tech_9,Maintenance,1596,Maximo-generated work order for CM-Mechanical
WO-900E7F14,CR109,PM-Brake,PM Brake for CR109,Critical,In_Progress,2024-12-15,2024-12-18,7,Tech_12,Mechanical,581,Maximo-generated work order for PM-Brake
WO-35988DA4,CR110,PM-Bogie,PM Bogie for CR110,Medium,In_Progress,2025-01-16,2025-01-17,9,Tech_13,Mechanical,837,Maximo-generated work order for PM-Bogie
WO-55876F26,CR110,PM-Bogie,PM Bogie for CR110,Critical,In_Progress,2024-12-18,2024-12-25,16,Tech_11,Mechanical,1616,Maximo-generated work order for PM-Bogie
WO-363C0FCD,CR110,PM-Bogie,PM Bogie for CR110,Medium,Closed,2024-12-11,2024-12-13,14,Tech_10,Maintenance,1022,Maximo-generated work order for PM-Bogie
WO-4D1BB398,CR111,PM-HVAC,PM HVAC for CR111,Low,Open,2024-12-11,2024-12-21,6,Tech_8,Electrical,720,Maximo-generated work order for PM-HVAC
WO-1FF6225D,CR111,PM-Bogie,PM Bogie for CR111,Low,On_Hold,2025-01-01,2025-01-03,15,Tech_10,Maintenance,2130,Maximo-generated work order for PM-Bogie
WO-D54F780A,CR112,CM-Mechanical,CM Mechanical for CR112,High,Closed,2025-01-10,2025-01-14,17,Tech_3,Maintenance,2414,Maximo-generated work order for CM-Mechanical
WO-0C9FDA09,CR112,Inspection-A,Inspection A for CR112,High,Closed,2024-12-28,2024-12-31,7,Tech_15,Mechanical,812,Maximo-generated work order for Inspection-A
WO-6684B453,CR112,PM-Brake,PM Brake for CR112,Low,Open,2024-12-18,2024-12-29,5,Tech_13,Mechanical,395,Maximo-generated work order for PM-Brake
WO-38572007,CR113,Inspection-A,Inspection A for CR113,Low,Open,2025-01-12,2025-01-26,6,Tech_9,Mechanical,354,Maximo-generated work order for Inspection-A
WO-60682205,CR113,CM-Mechanical,CM Mechanical for CR113,High,Closed,2025-01-19,2025-01-28,5,Tech_2,Electrical,715,Maximo-generated work order for CM-Mechanical
WO-D42223FA,CR113,Inspection-A,Inspection A for CR113,High,Open,2025-01-19,2025-01-30,9,Tech_18,Electrical,801,Maximo-generated work order for Inspection-A
WO-92B2CDF6,CR114,PM-HVAC,PM HVAC for CR114,High,Closed,2024-12-21,2024-12-29,9,Tech_17,Mechanical,477,Maximo-generated work order for PM-HVAC
WO-6124FF78,CR115,PM-Brake,PM Brake for CR115,Medium,On_Hold,2024-12-31,2025-01-09,6,Tech_12,Electrical,762,Maximo-generated work order for PM-Brake
WO-A7064984,CR115,CM-Mechanical,CM Mechanical for CR115,Low,On_Hold,2024-12-13,2024-12-18,4,Tech_20,Mechanical,412,Maximo-generated work order for CM-Mechanical
WO-3EF0031C,CR116,CM-Electrical,CM Electrical for CR116,High,Closed,2025-01-05,2025-01-19,16,Tech_16,Mechanical,1104,Maximo-generated work order for CM-Electrical
WO-16F770A5,CR116,CM-Mechanical,CM Mechanical for CR116,Low,In_Progress,2024-12-25,2024-12-26,13,Tech_1,Mechanical,1833,Maximo-generated work order for CM-Mechanical
WO-75FBFB89,CR117,PM-Bogie,PM Bogie for CR117,Critical,In_Progress,2024-12-07,2024-12-11,15,Tech_12,Maintenance,1065,Maximo-generated work order for PM-Bogie
WO-5A87EE88,CR118,CM-Mechanical,CM Mechanical for CR118,High,Closed,2024-12-15,2024-12-23,12,Tech_14,Electrical,1788,Maximo-generated work order for CM-Mechanical
WO-298AE833,CR118,PM-Bogie,PM Bogie for CR118,Medium,Closed,2025-01-01,2025-01-06,16,Tech_9,Mechanical,1424,Maximo-generated work order for PM-Bogie
WO-36767FA9,CR118,PM-Brake,PM Brake for CR118,Medium,On_Hold,2025-01-12,2025-01-19,5,Tech_5,Electrical,465,Maximo-generated work order for PM-Brake
WO-767B54F6,CR119,PM-Bogie,PM Bogie for CR119,Critical,In_Progress,2025-01-12,2025-01-16,11,Tech_14,Maintenance,594,Maximo-generated work order for PM-Bogie
WO-4561F859,CR120,CM-Mechanical,CM Mechanical for CR120,High,Closed,2025-01-13,2025-01-23,11,Tech_17,Mechanical,935,Maximo-generated work order for CM-Mechanical
WO-9575A23D,CR120,PM-Brake,PM Brake for CR120,Critical,In_Progress,2024-12-31,2025-01-09,4,Tech_11,Mechanical,464,Maximo-generated work order for PM-Brake
WO-8022057C,CR120,CM-Mechanical,CM Mechanical for CR120,Medium,Open,2024-12-07,2024-12-10,6,Tech_16,Maintenance,312,Maximo-generated work order for CM-Mechanical
WO-2000D4F3,CR120,PM-HVAC,PM HVAC for CR120,Critical,In_Progress,2025-01-17,2025-01-24,9,Tech_5,Electrical,954,Maximo-generated work order for PM-HVAC
WO-3883D087,CR121,CM-Mechanical,CM Mechanical for CR121,Low,In_Progress,2025-01-10,2025-01-14,6,Tech_2,Mechanical,630,Maximo-generated work order for CM-Mechanical
WO-F63F35B4,CR121,CM-Mechanical,CM Mechanical for CR121,Medium,In_Progress,2024-12-14,2024-12-17,17,Tech_17,Electrical,1173,Maximo-generated work order for CM-Mechanical
WO-E5CD2A36,CR122,CM-Electrical,CM Electrical for CR122,Low,Open,2025-01-04,2025-01-14,23,Tech_13,Electrical,2139,Maximo-generated work order for CM-Electrical
WO-603E7F2A,CR123,PM-Bogie,PM Bogie for CR123,Medium,On_Hold,2024-12-16,2024-12-30,9,Tech_12,Maintenance,1044,Maximo-generated work order for PM-Bogie
WO-076EBDDF,CR123,CM-Electrical,CM Electrical for CR123,Low,On_Hold,2025-01-15,2025-01-17,2,Tech_13,Mechanical,200,Maximo-generated work order for CM-Electrical
WO-7EB0761F,CR123,CM-Mechanical,CM Mechanical for CR123,Low,In_Progress,2025-01-03,2025-01-13,13,Tech_10,Maintenance,819,Maximo-generated work order for CM-Mechanical
WO-64DB85B3,CR124,CM-Mechanical,CM Mechanical for CR124,Critical,In_Progress,2025-01-11,2025-01-22,9,Tech_17,Mechanical,1242,Maximo-generated work order for CM-Mechanical
WO-DE3E18FE,CR124,CM-Mechanical,CM Mechanical for CR124,Critical,In_Progress,2024-12-18,2024-12-28,15,Tech_18,Electrical,975,Maximo-generated work order for CM-Mechanical
WO-C65CCA8B,CR124,PM-Brake,PM Brake for CR124,Medium,Closed,2025-01-05,2025-01-19,4,Tech_19,Maintenance,452,Maximo-generated work order for PM-Brake
