Train_ID,Date,Bogie_Usage_Pct,BrakePad_Usage_Pct,HVAC_Usage_Pct,Motor_Usage_Pct,Average_Usage_Pct,Critical_Components,Priority,Recommendation,Balancing_Score,Notes
CR101,2025-01-20,13.4,13.4,13.4,13.4,13.4,,Low,Increase_Service_Hours,100.0,Balancing required: 0 critical components
CR102,2025-01-20,21.9,21.9,21.9,21.9,21.9,,Low,Increase_Service_Hours,100.0,Balancing required: 0 critical components
CR103,2025-01-20,25.7,25.7,25.7,25.7,25.7,,Low,Increase_Service_Hours,100.0,Balancing required: 0 critical components
CR104,2025-01-20,61.5,61.5,61.5,61.5,61.5,,Medium,Maintain_Current_Schedule,100.0,Balancing required: 0 critical components
CR105,2025-01-20,66.4,66.4,66.4,66.4,66.4,,Medium,Maintain_Current_Schedule,100.0,Balancing required: 0 critical components
CR106,2025-01-20,37.4,37.4,37.4,37.4,37.4,,Medium,Maintain_Current_Schedule,100.0,Balancing required: 0 critical components
CR107,2025-01-20,94.7,94.7,94.7,94.7,94.7,"Bogie_Mileage,BrakePad_Mileage,HVAC_Hours,Motor_Hours,Traction_Mileage",Critical,Immediate_Maintenance,100.0,Balancing required: 5 critical components
CR108,2025-01-20,39.0,39.0,39.0,39.0,39.0,,Medium,Maintain_Current_Schedule,100.0,Balancing required: 0 critical components
CR109,2025-01-20,16.6,16.6,16.6,16.6,16.6,,Low,Increase_Service_Hours,100.0,Balancing required: 0 critical components
CR110,2025-01-20,68.7,68.7,68.7,68.7,68.7,,Medium,Maintain_Current_Schedule,100.0,Balancing required: 0 critical components
CR111,2025-01-20,44.4,44.4,44.4,44.4,44.4,,Medium,Maintain_Current_Schedule,100.0,Balancing required: 0 critical components
CR112,2025-01-20,89.6,89.6,89.6,89.6,89.6,,High,Reduce_Service_Hours,100.0,Balancing required: 0 critical components
CR113,2025-01-20,61.0,61.0,61.0,61.0,61.0,,Medium,Maintain_Current_Schedule,100.0,Balancing required: 0 critical components
CR114,2025-01-20,50.3,50.3,50.3,50.3,50.3,,Medium,Maintain_Current_Schedule,100.0,Balancing required: 0 critical components
CR115,2025-01-20,35.2,35.2,35.2,35.2,35.2,,Medium,Maintain_Current_Schedule,100.0,Balancing required: 0 critical components
CR116,2025-01-20,13.9,13.8,13.9,13.9,13.9,,Low,Increase_Service_Hours,100.0,Balancing required: 0 critical components
CR117,2025-01-20,40.8,40.8,40.8,40.8,40.8,,Medium,Maintain_Current_Schedule,100.0,Balancing required: 0 critical components
CR118,2025-01-20,88.3,88.3,88.3,88.3,88.3,,High,Reduce_Service_Hours,100.0,Balancing required: 0 critical components
CR119,2025-01-20,20.3,20.3,20.3,20.3,20.3,,Low,Increase_Service_Hours,100.0,Balancing required: 0 critical components
CR120,2025-01-20,13.8,13.7,13.8,13.8,13.8,,Low,Increase_Service_Hours,100.0,Balancing required: 0 critical components
CR121,2025-01-20,59.9,59.9,59.9,59.9,59.9,,Medium,Maintain_Current_Schedule,100.0,Balancing required: 0 critical components
CR122,2025-01-20,69.3,69.3,69.3,69.3,69.3,,Medium,Maintain_Current_Schedule,100.0,Balancing required: 0 critical components
CR123,2025-01-20,69.5,69.5,69.5,69.5,69.5,,Medium,Maintain_Current_Schedule,100.0,Balancing required: 0 critical components
CR124,2025-01-20,56.8,56.8,56.8,56.8,56.8,,Medium,Maintain_Current_Schedule,100.0,Balancing required: 0 critical components
