Train_ID,Current_Bay,Current_Bay_Type,Accessibility_Score,Exit_Time_Minutes,Shunting_Moves_Required,Shunting_Time_Minutes,Tomorrow_Status,Optimal_Bay_Type,Needs_Reallocation,Reallocation_Priority,Energy_Cost_Estimate,Notes
CR101,SB-4,Standard_Stabling,2,33,3,39,Cleaning,Cleaning_Bays,True,High,585,"Currently in SB-4, optimized for Cleaning"
CR102,IBL-4,IBL_Maintenance,3,25,0,0,Maintenance,IBL_Maintenance,False,Low,0,"Currently in IBL-4, optimized for Maintenance"
CR103,SB-7,Standard_Stabling,2,20,3,42,Maintenance,IBL_Maintenance,True,High,630,"Currently in SB-7, optimized for Maintenance"
CR104,SB-15,Standard_Stabling,2,26,0,0,Standby,Standard_Stabling,False,Low,0,"Currently in SB-15, optimized for Standby"
CR105,RB-7,Standby_Ready,5,9,0,0,Cleaning,Cleaning_Bays,True,Medium,0,"Currently in RB-7, optimized for Cleaning"
CR106,IBL-5,IBL_Maintenance,3,18,0,0,Cleaning,Cleaning_Bays,True,Medium,0,"Currently in IBL-5, optimized for Cleaning"
CR107,CB-3,Cleaning_Bays,4,16,0,0,Standby,Standard_Stabling,True,Medium,0,"Currently in CB-3, optimized for Standby"
CR108,SB-10,Standard_Stabling,2,25,0,0,Maintenance,IBL_Maintenance,True,Medium,0,"Currently in SB-10, optimized for Maintenance"
CR109,SB-12,Standard_Stabling,2,32,0,0,Maintenance,IBL_Maintenance,True,Medium,0,"Currently in SB-12, optimized for Maintenance"
CR110,SB-5,Standard_Stabling,2,23,2,30,Standby,Standard_Stabling,False,Low,450,"Currently in SB-5, optimized for Standby"
CR111,SB-16,Standard_Stabling,2,27,2,26,Maintenance,IBL_Maintenance,True,Medium,390,"Currently in SB-16, optimized for Maintenance"
CR112,RB-6,Standby_Ready,5,5,0,0,Maintenance,IBL_Maintenance,True,Medium,0,"Currently in RB-6, optimized for Maintenance"
CR113,SB-14,Standard_Stabling,2,32,0,0,Cleaning,Cleaning_Bays,True,Medium,0,"Currently in SB-14, optimized for Cleaning"
CR114,SB-17,Standard_Stabling,2,28,3,30,Standby,Standard_Stabling,False,High,450,"Currently in SB-17, optimized for Standby"
CR115,SB-8,Standard_Stabling,2,33,0,0,Cleaning,Cleaning_Bays,True,Medium,0,"Currently in SB-8, optimized for Cleaning"
CR116,IBL-3,IBL_Maintenance,3,25,0,0,Maintenance,IBL_Maintenance,False,Low,0,"Currently in IBL-3, optimized for Maintenance"
CR117,CB-2,Cleaning_Bays,4,13,0,0,Service,Standby_Ready,True,Medium,0,"Currently in CB-2, optimized for Service"
CR118,SB-1,Standard_Stabling,2,21,2,18,Service,Standby_Ready,True,Medium,270,"Currently in SB-1, optimized for Service"
CR119,SB-9,Standard_Stabling,2,30,0,0,Service,Standby_Ready,True,Medium,0,"Currently in SB-9, optimized for Service"
CR120,SB-6,Standard_Stabling,2,30,1,12,Cleaning,Cleaning_Bays,True,Medium,180,"Currently in SB-6, optimized for Cleaning"
CR121,RB-2,Standby_Ready,5,12,0,0,Service,Standby_Ready,False,Low,0,"Currently in RB-2, optimized for Service"
CR122,SB-3,Standard_Stabling,2,28,0,0,Standby,Standard_Stabling,False,Low,0,"Currently in SB-3, optimized for Standby"
CR123,SB-13,Standard_Stabling,2,30,3,27,Service,Standby_Ready,True,High,405,"Currently in SB-13, optimized for Service"
CR124,RB-4,Standby_Ready,5,6,0,0,Maintenance,IBL_Maintenance,True,Medium,0,"Currently in RB-4, optimized for Maintenance"
